,term,definition from DBAbkBw,definition from DBTermBw,word_class,alphabetical_order,absolute_term_frequency_in_requirements_set,relative_term_frequency_in_requirements_set,relative_term_frequency_in_Allgemeinkorpus,relative_term_frequency_in_GroßerAfoTopf,log-likelihood-based-on-Afokorpus,log-likelihood-based-on-wordfreq,ratio_of_relative_term_frequencies_to_GroßerAfoTopf,TF-IDF,requirements_id_where_term_appears,Cluster_Ergebnis
0,OPENCOSS-Plattform,,,Noun Chunk,133,115,0.04590818363273453,0.0,0,7.002800623716522,-54.396544165619396,0,N/A,"[1, 2, 3, 4, 5, 6, 7, 8, 9, 10, 11, 12, 13, 14, 15, 16, 17, 18, 19, 20, 21, 22, 23, 24, 25, 26, 27, 28, 29, 30, 31, 32, 33, 34, 35, 36, 37, 38, 39, 40, 41, 42, 43, 44, 45, 46, 47, 48, 49, 50, 51, 52, 53, 54, 55, 56, 57, 58, 59, 60, 61, 62, 63, 64, 65, 66, 67, 68, 69, 70, 71, 72, 73, 74, 75, 76, 77, 78, 79, 80, 81, 82, 83, 84, 85, 86, 87, 88, 89, 90, 91, 92, 93, 94, 95, 96, 98, 99, 100, 101, 102, 103, 104, 105, 106, 107, 108, 109, 110]",J3
1,Sicherungsprojekts,,,Noun Chunk,166,68,0.02714570858283433,0.0,0,6.964985154793897,-56.535455278688495,0,0.214,"[4, 5, 7, 8, 9, 10, 11, 15, 17, 18, 19, 20, 21, 22, 26, 27, 28, 29, 30, 31, 32, 33, 34, 37, 38, 39, 40, 42, 43, 44, 46, 47, 49, 50, 55, 56, 57, 58, 59, 61, 62, 63, 64, 65, 66, 67, 68, 73, 74, 75, 77, 78, 79, 80, 81, 82, 88, 89, 91, 92, 94, 95, 96, 98]",J3
2,Nutzer,,,Noun Chunk,126,54,0.02155688622754491,3.8e-05,0,6.9536211850293945,-57.46626539347121,0,0.303,"[1, 2, 3, 5, 6, 7, 9, 10, 11, 12, 15, 16, 19, 23, 24, 25, 26, 28, 32, 33, 35, 36, 42, 43, 47, 48, 50, 52, 53, 54, 55, 56, 57, 58, 59, 60, 61, 62, 63, 64, 65, 66, 67, 71, 77, 78, 79, 80, 81, 83, 86, 90, 93]",K19
3,Nachweis-Items,,,Noun Chunk,100,49,0.019560878243512974,2.7e-06,0,6.949536486323301,-57.86172507960791,0,N/A,"[4, 7, 10, 11, 15, 16, 17, 19, 22, 23, 24, 25, 26, 27, 28, 29, 33, 37, 38, 46, 55, 56, 57, 58, 59, 60, 61, 62, 64, 76, 77, 78, 79, 80, 81, 82, 83, 84, 85, 86, 87, 89, 90]",J3
4,bieten,,,VERB,273,47,0.0187624750499002,7.59e-05,0,6.947897027191914,-58.02300283885607,0,0.236,"[1, 2, 3, 5, 6, 7, 9, 10, 11, 15, 16, 19, 23, 24, 25, 26, 28, 32, 33, 35, 36, 42, 47, 48, 50, 53, 54, 55, 56, 58, 59, 60, 61, 62, 63, 64, 65, 66, 67, 71, 79, 80, 81, 83, 86, 90, 93]",N/A
5,Möglichkeit,,,Noun Chunk,84,47,0.0187624750499002,0.000148,0,6.947897027191914,-58.01596084416836,0,0.33,"[1, 2, 3, 5, 6, 7, 9, 10, 11, 15, 16, 19, 23, 24, 25, 26, 28, 32, 33, 35, 36, 42, 47, 48, 50, 53, 54, 55, 56, 58, 59, 60, 61, 62, 63, 64, 65, 66, 67, 71, 79, 80, 81, 83, 86, 90, 93]",K19
6,Nutzer die Möglichkeit,,,Noun Chunk,127,47,0.0187624750499002,3.02e-05,0,6.947897027191914,-58.027412448752834,0,0.165,"[1, 2, 3, 5, 6, 7, 9, 10, 11, 15, 16, 19, 23, 24, 25, 26, 28, 32, 33, 35, 36, 42, 47, 48, 50, 53, 54, 55, 56, 58, 59, 60, 61, 62, 63, 64, 65, 66, 67, 71, 79, 80, 81, 83, 86, 90, 93]",K19
7,Wenn,,,SCONJ,194,36,0.01437125748502994,0.00316,0,6.9387944121546,-58.71882838869313,0,0.189,"[12, 13, 14, 20, 21, 27, 29, 39, 40, 41, 43, 44, 45, 57, 68, 72, 73, 74, 75, 77, 78, 87, 88, 89, 99, 100, 101, 102, 103, 104, 105, 106, 107, 108, 109, 110]",N/A
8,Nachweis-Item,,,Noun Chunk,92,30,0.011976047904191617,2.89e-06,0,6.933729516187104,-59.839180024043415,0,N/A,"[8, 9, 12, 13, 14, 20, 21, 39, 41, 44, 49, 57, 68, 75, 78, 88, 91, 99, 100, 101, 102, 103, 104]",J3
9,Sicherungsprojekt,,,Noun Chunk,160,25,0.00998003992015968,0.0,0,6.92940744980995,-60.571027769639024,0,0.317,"[1, 2, 3, 12, 13, 14, 16, 35, 36, 41, 45, 54, 69, 70, 71, 72, 76, 83, 84, 85, 86, 87, 90, 93, 97]",J3
10,externen Werkzeug,,,Noun Chunk,315,25,0.00998003992015968,4.35e-06,0,6.92940744980995,-60.57208845653492,0,0.414,"[91, 92, 93, 94, 99, 100, 101, 102, 103, 104, 105, 106, 107, 108, 109, 110]",K10
11,Nachweis-Items eines Sicherungsprojekts,,,Noun Chunk,104,23,0.009181636726546906,0.0,0,6.927638230455239,-60.90597526703218,0,N/A,"[4, 7, 10, 11, 15, 17, 19, 22, 26, 28, 33, 37, 38, 46, 55, 56, 58, 59, 61, 62, 64, 77, 82]",H1
12,anzeigen,,,VERB,234,21,0.008383233532934131,2.09e-05,0,6.9258360244483645,-61.26877042226423,0,0.621,"[102, 109, 41, 108, 37, 104, 101, 74, 39, 110, 107, 22, 103, 76, 92, 73, 95, 78, 75, 38, 45]",N/A
13,Nachweisrückverfolgbarkeitslinks,,,Noun Chunk,119,20,0.007984031936127744,0.0,0,6.924919455822293,-61.46708909711099,0,0.343,"[33, 34, 35, 36, 37, 38, 41, 42, 44, 47, 48, 53, 74, 76, 93, 94, 96, 107, 108, 110]",K19
14,Informationen,,,Noun Chunk,59,19,0.007584830339321357,0.000123,0,6.923990404332773,-61.64427435163966,0,0.421,"[9, 15, 32, 34, 83, 99, 100, 101, 102, 103, 104, 105, 106, 107, 108, 109, 110]",K11
15,ändern,,,VERB,425,18,0.00718562874251497,8.91e-05,0,6.923046788025944,-61.86863452906328,0,0.593,"[15, 100, 108, 102, 59, 9, 105, 99, 107, 75, 101, 109, 64, 103, 110, 104, 62, 106]",N/A
16,Nachweis-Item eines Sicherungsprojekts,,,Noun Chunk,96,13,0.005189620758483034,0.0,0,6.917992530326465,-63.194454276313024,0,N/A,"[5, 8, 9, 20, 21, 44, 49, 57, 68, 78, 88, 91, 92]",H1
17,enthalten,,,VERB,297,13,0.005189620758483034,5.5e-05,0,6.917992530326465,-63.17759566055238,0,0.512,"[108, 109, 102, 106, 99, 103, 32, 107, 100, 110, 101, 104, 105]",N/A
18,Nachweisrückverfolgbarkeitslink,,,Noun Chunk,117,12,0.004790419161676647,0.0,0,6.916875214267463,-63.515101402037295,0,0.403,"[39, 40, 43, 57, 89, 105, 106, 109, 110]",K12
19,solche Änderung,,,Noun Chunk,372,12,0.004790419161676647,3.18e-05,0,6.916875214267463,-63.506235122634685,0,0.27,"[99, 100, 101, 102, 103, 104, 105, 106, 107, 108, 109, 110]",K11
20,Sicherungsprojekts Informationen,,,Noun Chunk,167,12,0.004790419161676647,0.0,0,6.916875214267463,-63.515101402037295,0,0.27,"[99, 100, 101, 102, 103, 104, 105, 106, 107, 108, 109, 110]",J3
21,angeben,,,VERB,226,12,0.004790419161676647,1.12e-05,0,6.916875214267463,-63.51461378196478,0,0.699,"[5, 32, 2, 86, 7, 71, 1, 78, 67, 39, 81, 80]",N/A
22,Projekts,,,Noun Chunk,145,11,0.004391217564870259,1e-05,0,6.915699828569581,-63.86356485780446,0,0.423,"[27, 28, 29, 39, 41, 57, 60, 73, 74]",K19
23,Nachweisbeleg,,,Noun Chunk,109,10,0.003992015968063872,0.0,0,6.914448958944536,-64.2451477104641,0,0.467,"[30, 31, 65, 67, 73, 74, 79, 80, 81]",L0
24,Aktionen,,,Noun Chunk,2,10,0.003992015968063872,3.02e-05,0,6.914448958944536,-64.23525363427191,0,0.251,"[17, 65, 67, 68, 70, 79, 80, 81, 82, 83]",K18
25,Änderung,,,Noun Chunk,416,10,0.003992015968063872,3.72e-05,0,6.914448958944536,-64.2318290335164,0,0.357,"[75, 76, 77, 78, 79, 81, 82, 84, 86]",K11
26,Artefakt,,,Noun Chunk,8,9,0.003592814371257485,7.76e-07,0,6.9130974587767255,-64.6718533263738,0,0.408,"[7, 9, 10, 14, 91, 92, 94, 95, 99]",K15
27,Nachweisbeleg eines Sicherungsprojekts,,,Noun Chunk,111,9,0.003592814371257485,0.0,0,6.9130974587767255,-64.66683087599817,0,0.241,"[30, 31, 65, 67, 74, 79, 80, 81]",I1
28,auswählen,,,NOUN,246,8,0.0031936127744510976,7.24e-06,0,6.91160762268032,-65.13976192973387,0,0.315,"[3, 27, 29, 39, 41, 45, 47, 54]",N/A
29,Ergebnis,,,Noun Chunk,47,8,0.0031936127744510976,0.000102,0,6.91160762268032,-65.08203215728405,0,0.551,"[65, 66, 67, 68, 69, 70, 71, 72]",L0
30,Nachweisbewertung,,,Noun Chunk,114,8,0.0031936127744510976,0.0,0,6.91160762268032,-65.13806529146872,0,0.459,"[65, 66, 67, 68, 69, 70, 71, 72]",J3
31,Ergebnis der Nachweisbewertung,,,Noun Chunk,48,8,0.0031936127744510976,0.0,0,6.91160762268032,-65.13806529146872,0,0.261,"[65, 66, 67, 68, 69, 70, 71, 72]",J3
32,Baumansicht,,,Noun Chunk,12,8,0.0031936127744510976,0.0,0,6.91160762268032,-65.13806529146872,0,0.32,"[22, 23, 24, 25, 26, 27, 29]",K5
33,löschen,,,VERB,359,8,0.0031936127744510976,2.29e-05,0,6.91160762268032,-65.13013902949062,0,0.722,"[13, 12, 44, 14, 25, 42, 11, 43]",N/A
34,einfärben,,,VERB,291,8,0.0031936127744510976,3.02e-07,0,6.91160762268032,-65.14401918168139,0,0.769,"[40, 87, 88, 68, 20, 89, 72, 21]",N/A
35,Projekt,,,Noun Chunk,144,7,0.0027944111776447107,0.000115,0,6.909920229737122,-65.5992101439072,0,0.43,"[13, 14, 40, 44, 74]",K19
36,Anzeige der Nachweis-Items,,,Noun Chunk,7,7,0.0027944111776447107,2.47e-06,0,6.909920229737122,-65.67739436285446,0,N/A,"[23, 24, 25, 26, 27, 28, 29]",J3
37,Anzeige,,,Noun Chunk,6,7,0.0027944111776447107,2.95e-05,0,6.909920229737122,-65.65839264445025,0,0.52,"[23, 24, 25, 26, 27, 28, 29]",K5
38,spezifizieren,,,VERB,380,7,0.0027944111776447107,7.76e-07,0,6.909920229737122,-65.67858406544593,0,0.552,"[33, 41, 48, 53, 56, 65, 79]",N/A
39,gemäß,,,ADJ,328,7,0.0027944111776447107,4.27e-05,0,6.909920229737122,-65.64915481425983,0,0.402,"[4, 27, 34, 39, 40, 41, 73]",N/A
40,speichern,,,VERB,379,7,0.0027944111776447107,8.91e-06,0,6.909920229737122,-65.67286222187174,0,0.793,"[17, 92, 4, 34, 8, 16, 95]",N/A
41,Änderung eines Nachweis-Items,,,Noun Chunk,417,7,0.0027944111776447107,2.51e-06,0,6.909920229737122,-65.67736624140966,0,N/A,"[76, 77, 79, 81, 82, 84, 86]",I1
42,Änderungen,,,Noun Chunk,418,6,0.0023952095808383233,2.63e-05,0,6.9079366470895485,-66.27492464927407,0,0.561,"[80, 83, 85, 87, 88, 89]",K11
43,Nachweisarten,,,Noun Chunk,108,6,0.0023952095808383233,0.0,0,6.9079366470895485,-66.28830475277468,0,0.345,"[2, 6, 29, 51, 54]",K6
44,Bewertung,,,Noun Chunk,24,6,0.0023952095808383233,2.45e-05,0,6.9079366470895485,-66.27639905001905,0,0.617,"[56, 57, 58, 59, 64]",K17
45,verbinden,,,VERB,386,6,0.0023952095808383233,2.29e-05,0,6.9079366470895485,-66.27771034038759,0,0.711,"[7, 9, 14, 57, 8, 92]",N/A
46,Nachweisrückverfolgbarkeitslinks eines Sicherungsprojekts,,,Noun Chunk,121,5,0.001996007984031936,0.0,0,6.905479508021663,-67.01672338765488,0,0.358,"[34, 42, 47, 94, 96]",J3
47,Aktion,,,Noun Chunk,1,5,0.001996007984031936,6.61e-05,0,6.905479508021663,-66.96190751172374,0,0.364,"[12, 43, 69, 72, 87]",K18
48,Nachweis-Charakterisierungsmodell,,,Noun Chunk,89,5,0.001996007984031936,0.0,0,6.905479508021663,-67.01672338765488,0,N/A,"[27, 29, 45, 73]",I1
49,vollständig,,,ADJ,399,5,0.001996007984031936,5.01e-05,0,6.905479508021663,-66.97740316903105,0,0.125,"[2, 1]",N/A
50,automatisch,,,ADJ,252,5,0.001996007984031936,3.89e-05,0,6.905479508021663,-66.98831711533774,0,0.396,"[4, 1, 2]",N/A
51,Information,,,Noun Chunk,58,5,0.001996007984031936,5.25e-05,0,6.905479508021663,-66.97507162180572,0,0.331,"[39, 71, 73, 74, 86]",K11
52,entsprechen,,,ADJ,299,4,0.0015968063872255488,2.04e-05,0,6.902194582142599,-67.89477411347647,0,0.626,[3],N/A
53,Sicherungsprojekt als Ergebnis,,,Noun Chunk,161,4,0.0015968063872255488,0.0,0,6.902194582142599,-67.90760059749704,0,0.258,"[69, 70, 71, 72]",J3
54,infolge,,,ADP,346,4,0.0015968063872255488,1.78e-05,0,6.902194582142599,-67.89797420231986,0,0.444,"[79, 80, 81, 85]",N/A
55,Status,,,Noun Chunk,180,4,0.0015968063872255488,3.8e-05,0,6.902194582142599,-67.87323308959199,0,0.423,"[69, 72, 84, 87]",K25
56,aktualisieren,,,VERB,208,4,0.0015968063872255488,3.09e-06,0,6.902194582142599,-67.9161571507852,0,0.3,"[99, 100, 105, 106]",N/A
57,erkennen,,,VERB,308,4,0.0015968063872255488,8.13e-05,0,6.902194582142599,-67.82115580042705,0,0.535,"[100, 105, 106, 99]",N/A
58,aufnehmen,,,VERB,237,4,0.0015968063872255488,3.16e-05,0,6.902194582142599,-67.88104144356559,0,0.742,"[29, 52, 28, 51]",N/A
59,Nachweisrückverfolgbarkeitslink eines Sicherungsprojekts,,,Noun Chunk,118,4,0.0015968063872255488,0.0,0,6.902194582142599,-67.90760059749704,0,0.286,"[40, 43, 89, 95]",J3
60,Bewertungskriterien,,,Noun Chunk,29,4,0.0015968063872255488,2.95e-07,0,6.902194582142599,-67.91962065714564,0,0.543,"[55, 60, 61, 62]",K17
61,Nachweis-Items des Projekts,,,Noun Chunk,101,4,0.0015968063872255488,2.12e-06,0,6.902194582142599,-67.91735957636156,0,N/A,"[29, 57]",I1
62,rote Einfärbung,,,Noun Chunk,370,4,0.0015968063872255488,1.26e-07,0,6.902194582142599,-67.91982961188523,0,0.322,"[103, 104, 109, 110]",K13
63,adressieren,,,VERB,205,4,0.0015968063872255488,3.8e-07,0,6.902194582142599,-67.91951548545087,0,0.729,"[84, 69, 71, 86]",N/A
64,Bei,,,ADP,16,4,0.0015968063872255488,0.00417,0,6.902194582142599,-65.35442662389893,0,0.342,"[47, 51, 54, 76]",N/A
65,Zwischenknoten,,,Noun Chunk,200,3,0.0011976047904191617,0.0,0,6.89725717200327,-69.05497685916355,0,0.326,"[26, 27, 29]",K5
66,Quelle,,,Noun Chunk,149,3,0.0011976047904191617,7.76e-05,0,6.89725717200327,-68.946379039786,0,0.587,"[37, 38, 44]",K9
67,Bewertung der Nachweis-Items,,,Noun Chunk,25,3,0.0011976047904191617,2.43e-06,0,6.89725717200327,-69.06748786694138,0,N/A,"[58, 59, 64]",I1
68,CCL,,,Noun Chunk,32,3,0.0011976047904191617,6.76e-08,0,6.89725717200327,-69.07140016720071,0,0.432,"[4, 34, 55]",K20
69,Nachweis-Items eines Projekts,,,Noun Chunk,103,3,0.0011976047904191617,2.12e-06,0,6.89725717200327,-69.06800132028275,0,N/A,"[27, 28, 60]",I1
70,Ziel,,,Noun Chunk,198,3,0.0011976047904191617,0.00017,0,6.89725717200327,-68.80674449166844,0,0.464,"[37, 38, 44]",K9
71,Sicherungsprojekts Zwischenknoten,,,Noun Chunk,168,3,0.0011976047904191617,0.0,0,6.89725717200327,-69.05497685916355,0,0.333,"[23, 24, 25]",J3
72,definieren,,,ADJ,280,3,0.0011976047904191617,1.07e-05,0,6.89725717200327,-69.05382314504756,0,0.165,[2],N/A
73,Tabellen,,,Noun Chunk,184,3,0.0011976047904191617,7.59e-06,0,6.89725717200327,-69.05895328990309,0,0.399,"[50, 51, 54]",K1
74,OPENCOSS-Plattform die Information,,,Noun Chunk,139,3,0.0011976047904191617,0.0,0,6.89725717200327,-69.05497685916355,0,N/A,"[39, 73, 74]",I1
75,Tabelle,,,Noun Chunk,182,3,0.0011976047904191617,3.39e-05,0,6.89725717200327,-69.01592846425329,0,0.292,"[51, 52]",K1
76,welche,,,Noun Chunk,409,3,0.0011976047904191617,0.000339,0,6.89725717200327,-68.57402994411969,0,0.297,"[67, 80, 81]",L0
77,Darstellung,,,Noun Chunk,35,3,0.0011976047904191617,4.68e-05,0,6.89725717200327,-68.99515081746999,0,0.472,"[47, 50, 51]",K1
78,Status einer Aktion,,,Noun Chunk,181,3,0.0011976047904191617,2.39e-05,0,6.89725717200327,-69.0321796087209,0,0.229,"[69, 72, 87]",K18
79,verlangen,,,VERB,393,3,0.0011976047904191617,3.47e-05,0,6.89725717200327,-69.01463382996805,0,0.403,"[43, 51, 77]",N/A
80,korrekt,,,ADJ,356,3,0.0011976047904191617,1.7e-05,0,6.89725717200327,-69.04346634060958,0,0.34,"[39, 40, 74]",N/A
81,bewerten,,,VERB,269,3,0.0011976047904191617,1.23e-05,0,6.89725717200327,-69.05118827439114,0,0.52,"[55, 60, 63]",N/A
82,durchführen,,,VERB,285,3,0.0011976047904191617,1.35e-05,0,6.89725717200327,-69.04921414593429,0,0.45,"[17, 68, 82]",N/A
83,aufzeigen,,,VERB,243,3,0.0011976047904191617,4.9e-06,0,6.89725717200327,-69.0633993145275,0,1.0,"[46, 70, 85]",N/A
84,Einfärbung des Nachweis-Item,,,Noun Chunk,44,2,0.0007984031936127744,1.21e-07,0,6.888203036578148,-70.6938696148977,0,N/A,"[103, 104]",J3
85,OPENCOSS-Plattform dem Nutzer,,,Noun Chunk,137,2,0.0007984031936127744,0.0,0,6.888203036578148,-70.66936390922916,0,N/A,"[47, 54]",I1
86,Verwendung,,,Noun Chunk,189,2,0.0007984031936127744,5.62e-05,0,6.888203036578148,-70.55842892698176,0,0.307,"[47, 54]",K3
87,Änderungen an Nachweis-Items,,,Noun Chunk,419,2,0.0007984031936127744,2.44e-06,0,6.888203036578148,-70.68809594209124,0,N/A,"[83, 85]",I1
88,OPENCOSS-Plattform vom Nutzer,,,Noun Chunk,143,2,0.0007984031936127744,0.0,0,6.888203036578148,-70.66936390922916,0,N/A,"[12, 77]",I1
89,Berichte,,,Noun Chunk,18,2,0.0007984031936127744,2.75e-05,0,6.888203036578148,-70.62662976884381,0,0.299,"[30, 31]",L0
90,Kriterium,,,NOUN,66,2,0.0007984031936127744,6.46e-06,0,6.888203036578148,-70.67811566817534,0,0.607,"[58, 59]",N/A
91,falls,,,SCONJ,318,2,0.0007984031936127744,0.000123,0,6.888203036578148,-70.40809687547947,0,0.398,"[69, 84]",N/A
92,wiederum,,,ADV,410,2,0.0007984031936127744,5.62e-05,0,6.888203036578148,-70.55842892698176,0,0.49,"[37, 38]",N/A
93,erstellen,,,NOUN,309,2,0.0007984031936127744,2.29e-05,0,6.888203036578148,-70.63777709284547,0,0.639,"[18, 31]",N/A
94,anhand,,,ADP,227,2,0.0007984031936127744,3.24e-05,0,6.888203036578148,-70.61482208939744,0,0.363,"[31, 49]",N/A
95,verwenden,,,VERB,397,2,0.0007984031936127744,4.57e-05,0,6.888203036578148,-70.5831146478429,0,0.377,"[10, 29]",N/A
96,solche Aktion,,,Noun Chunk,371,2,0.0007984031936127744,5.07e-05,0,6.888203036578148,-70.5713218929528,0,0.244,"[72, 87]",K11
97,Kriterien,,,Noun Chunk,65,2,0.0007984031936127744,2.04e-05,0,6.888203036578148,-70.64386097838475,0,0.396,"[58, 59]",K17
98,importieren,,,ADJ,342,2,0.0007984031936127744,2.4e-06,0,6.888203036578148,-70.68819545525677,0,0.097,"[3, 2]",N/A
99,Sicherungsprojekts in Form,,,Noun Chunk,174,2,0.0007984031936127744,0.0,0,6.888203036578148,-70.66936390922916,0,0.267,"[30, 98]",J3
100,Nachweis-Item des Projekts,,,Noun Chunk,94,2,0.0007984031936127744,2.24e-06,0,6.888203036578148,-70.68859354433957,0,N/A,"[39, 41]",J3
101,exportieren,,,VERB,312,2,0.0007984031936127744,2.51e-06,0,6.888203036578148,-70.68792180293325,0,1.0,"[96, 98]",N/A
102,vorschlagen,,,VERB,408,2,0.0007984031936127744,6.76e-06,0,6.888203036578148,-70.67737262247495,0,0.744,"[27, 82]",N/A
103,mögen,,,VERB,364,2,0.0007984031936127744,5.5e-05,0,6.888203036578148,-70.56123491942448,0,0.62,"[12, 43]",N/A
104,betreffen,,,VERB,266,2,0.0007984031936127744,1.05e-05,0,6.888203036578148,-70.66813066159833,0,0.739,"[77, 78]",N/A
105,aufzeichnen,,,VERB,240,2,0.0007984031936127744,1.78e-06,0,6.888203036578148,-70.6897383623935,0,0.747,"[84, 69]",N/A
106,verschicken,,,VERB,396,2,0.0007984031936127744,4.17e-06,0,6.888203036578148,-70.68379573499165,0,0.789,"[66, 83]",N/A
107,betrachten,,,VERB,263,2,0.0007984031936127744,2.88e-05,0,6.888203036578148,-70.62349043974437,0,0.576,"[73, 74]",N/A
108,wiederzuverwenden,,,VERB,413,2,0.0007984031936127744,4.17e-08,0,6.888203036578148,-70.69406693584901,0,0.887,"[6, 36]",N/A
109,beeinträchtigen,,,VERB,255,2,0.0007984031936127744,3.98e-06,0,6.888203036578148,-70.6842676403387,0,0.795,"[88, 89]",N/A
110,OPENCOSS-Plattform die Nachweis-Items,,,Noun Chunk,140,2,0.0007984031936127744,0.0,0,6.888203036578148,-70.66936390922916,0,N/A,"[29, 78]",I1
111,Bewertungskategorien,,,Noun Chunk,28,2,0.0007984031936127744,2.69e-08,0,6.888203036578148,-70.69410374011632,0,0.322,"[61, 63]",K17
112,anderen Projekt,,,Noun Chunk,214,2,0.0007984031936127744,9.91e-05,0,6.888203036578148,-70.46060052281584,0,0.569,"[10, 36]",J3
113,Rückverfolgbarkeitsmatrizen,,,Noun Chunk,154,2,0.0007984031936127744,0.0,0,6.888203036578148,-70.66936390922916,0,0.583,"[46, 48]",J1
114,Sicherungsprojekts durch Änderungen,,,Noun Chunk,171,2,0.0007984031936127744,0.0,0,6.888203036578148,-70.66936390922916,0,0.352,"[88, 89]",I1
115,Modell,,,Noun Chunk,81,2,0.0007984031936127744,5.75e-05,0,6.888203036578148,-70.55539350099073,0,0.358,"[39, 45]",K8
116,OPENCOSS-Plattform das Nachweis-Item,,,Noun Chunk,136,2,0.0007984031936127744,0.0,0,6.888203036578148,-70.66936390922916,0,N/A,"[20, 21]",I1
117,Darstellung der Nachweis-Item-Rückverfolgbarkeit,,,Noun Chunk,36,2,0.0007984031936127744,1.1e-07,0,6.888203036578148,-70.69389699348984,0,N/A,"[50, 51]",I1
118,Änderungen von Nachweis-Items,,,Noun Chunk,420,2,0.0007984031936127744,2.44e-06,0,6.888203036578148,-70.68809594209124,0,N/A,"[87, 89]",I1
119,Bewertungskriterien der Nachweis-Items,,,Noun Chunk,30,2,0.0007984031936127744,2.66e-07,0,6.888203036578148,-70.69350860814106,0,N/A,"[61, 62]",H1
120,solchen Link,,,Noun Chunk,373,2,0.0007984031936127744,3.52e-05,0,6.888203036578148,-70.60810550191484,0,0.339,"[40, 89]",L0
121,Rückverfolgbarkeit,,,Noun Chunk,152,2,0.0007984031936127744,1.15e-07,0,6.888203036578148,-70.69388454888832,0,0.462,"[52, 54]",K1
122,solches Nachweis-Item,,,Noun Chunk,374,2,0.0007984031936127744,2.58e-06,0,6.888203036578148,-70.68774767517242,0,N/A,"[68, 88]",J3
123,anderen Nachweis-Items,,,Noun Chunk,211,2,0.0007984031936127744,2.69e-06,0,6.888203036578148,-70.68747406910735,0,N/A,[57],J3
124,Nachweisart,,,Noun Chunk,107,2,0.0007984031936127744,0.0,0,6.888203036578148,-70.66936390922916,0,0.383,"[5, 52]",L0
125,Form,,,Noun Chunk,49,2,0.0007984031936127744,0.000174,0,6.888203036578148,-70.30045424652324,0,0.802,"[30, 98]",L0
126,Bestätigung,,,Noun Chunk,20,2,0.0007984031936127744,1.48e-05,0,6.888203036578148,-70.65755445980277,0,0.618,"[12, 43]",K24
127,Merkmale,,,Noun Chunk,75,2,0.0007984031936127744,2.19e-05,0,6.888203036578148,-70.64020848243396,0,0.583,"[4, 13]",K14
128,Werkzeug,,,Noun Chunk,195,2,0.0007984031936127744,1.17e-05,0,6.888203036578148,-70.66517379794693,0,0.41,"[92, 95]",K10
129,Nachweis-Items des Sicherungsprojekts,,,Noun Chunk,102,2,0.0007984031936127744,0.0,0,6.888203036578148,-70.66936390922916,0,N/A,"[75, 78]",H1
130,E-Mail,,,Noun Chunk,43,2,0.0007984031936127744,4.81e-05,0,6.888203036578148,-70.5774455339352,0,N/A,"[66, 83]",J7
131,Nachweis-Item-Rückverfolgbarkeit,,,Noun Chunk,97,2,0.0007984031936127744,1.1e-07,0,6.888203036578148,-70.69389699348984,0,N/A,"[50, 51]",I1
132,bestimmtes Nachweis-Item,,,Noun Chunk,260,2,0.0007984031936127744,2.14e-06,0,6.888203036578148,-70.68884237912803,0,N/A,"[37, 38]",J3
133,ansehen,,,VERB,231,2,0.0007984031936127744,5.62e-05,0,6.888203036578148,-70.55842892698176,0,0.515,"[20, 21]",N/A
134,Artefakts,,,Noun Chunk,10,1,0.0003992015968063872,7.08e-08,0,6.862829888771146,-73.46720424100802,0,0.69,[8],K15
135,anderen Verlinkungs-Matrizen,,,Noun Chunk,219,1,0.0003992015968063872,0.0,0,6.862829888771146,-73.41814905592918,0,N/A,[47],K16
136,Nutzer ein Nachweis-Item,,,Noun Chunk,128,1,0.0003992015968063872,2.68e-06,0,6.862829888771146,-73.45420259602054,0,N/A,[12],J3
137,aus externen Werkzeugen im Projekt importierten Informationen,,,Noun Chunk,245,1,0.0003992015968063872,6.44e-07,0,6.862829888771146,-73.46434213243094,0,0.153,[74],I1
138,Angabe der Nachweisarten,,,Noun Chunk,5,1,0.0003992015968063872,0.0,0,6.862829888771146,-73.41814905592918,0,0.219,[51],K19
139,OPENCOSS-Plattform den Nutzer,,,Noun Chunk,138,1,0.0003992015968063872,0.0,0,6.862829888771146,-73.41814905592918,0,N/A,[57],I1
140,HTML-Dateien,,,Noun Chunk,55,1,0.0003992015968063872,5.46e-06,0,6.862829888771146,-73.44043544442793,0,N/A,[30],J8
141,erforderlichen fehlenden Links,,,Noun Chunk,305,1,0.0003992015968063872,5.3e-06,0,6.862829888771146,-73.44122531969703,0,0.691,[45],L0
142,gegebene Nachweis-Item,,,Noun Chunk,325,1,0.0003992015968063872,1.34e-06,0,6.862829888771146,-73.46087080201173,0,N/A,[5],J3
143,Nutzer eine Bestätigung,,,Noun Chunk,129,1,0.0003992015968063872,1.06e-05,0,6.862829888771146,-73.41522190833876,0,0.318,[12],J3
144,Definition von Zwischenknoten,,,Noun Chunk,41,1,0.0003992015968063872,0.0,0,6.862829888771146,-73.41814905592918,0,0.122,[29],K5
145,externen Nachweisrückverfolgbarkeitslink,,,Noun Chunk,314,1,0.0003992015968063872,0.0,0,6.862829888771146,-73.41814905592918,0,0.425,[95],K10
146,Sicherungsprojekten,,,Noun Chunk,165,1,0.0003992015968063872,0.0,0,6.862829888771146,-73.41814905592918,0,0.399,[6],J3
147,anderen Tabelle,,,Noun Chunk,218,1,0.0003992015968063872,3.24e-05,0,6.862829888771146,-73.3116524226424,0,0.163,[54],K16
148,diejenigen Nachweisrückverfolgbarkeitslinks,,,Noun Chunk,284,1,0.0003992015968063872,0.0,0,6.862829888771146,-73.41814905592918,0,0.365,[81],K19
149,für Bewertungskriterien der Nachweis-Items eines Sicherungsprojekts definierten Bewertungskategorien,,,Noun Chunk,321,1,0.0003992015968063872,0.0,0,6.862829888771146,-73.41814905592918,0,N/A,[62],H1
150,Hilfe,,,Noun Chunk,56,1,0.0003992015968063872,0.000174,0,6.862829888771146,-72.74442917127605,0,0.736,[46],L0
151,SAEM-Modells,,,Noun Chunk,157,1,0.0003992015968063872,0.0,0,6.862829888771146,-73.41814905592918,0,N/A,[98],J5
152,Nachweis-Item-Rückverfolgbarkeit mittels Tabellen,,,Noun Chunk,99,1,0.0003992015968063872,1.09e-07,0,6.862829888771146,-73.46701346762606,0,N/A,[51],I1
153,in einem Sicherungsprojekts zu erbringenden Nachweis-Items,,,Noun Chunk,344,1,0.0003992015968063872,0.0,0,6.862829888771146,-73.41814905592918,0,N/A,[73],H1
154,externer Werkzeuge,,,Noun Chunk,317,1,0.0003992015968063872,1.81e-06,0,6.862829888771146,-73.45852962528431,0,0.535,[90],K10
155,OPENCOSS-Plattform muss,,,Noun Chunk,142,1,0.0003992015968063872,0.0,0,6.862829888771146,-73.41814905592918,0,N/A,[95],J3
156,Sicherung der Rückverfolgbarkeit,,,Noun Chunk,159,1,0.0003992015968063872,1.14e-07,0,6.862829888771146,-73.46698849641521,0,0.163,[54],K19
157,Nachweis-Charakterisierungmodell,,,Noun Chunk,87,1,0.0003992015968063872,0.0,0,6.862829888771146,-73.41814905592918,0,N/A,[41],J3
158,ihrer verknüpften Nachweisarten,,,Noun Chunk,335,1,0.0003992015968063872,0.0,0,6.862829888771146,-73.41814905592918,0,0.122,[29],K6
159,Nutzer eine Änderungsbestätigung,,,Noun Chunk,130,1,0.0003992015968063872,0.0,0,6.862829888771146,-73.41814905592918,0,0.338,[77],J3
160,MS Word,,,Noun Chunk,70,1,0.0003992015968063872,5.73e-06,0,6.862829888771146,-73.43910321822871,0,0.365,[31],L0
161,Visualisierung,,,Noun Chunk,192,1,0.0003992015968063872,1.66e-06,0,6.862829888771146,-73.45927654036372,0,0.634,[52],K27
162,Datum,,,Noun Chunk,38,1,0.0003992015968063872,3.02e-05,0,6.862829888771146,-73.32186564527522,0,0.708,[17],K22
163,anderen Projekten,,,Noun Chunk,215,1,0.0003992015968063872,1.24e-05,0,6.862829888771146,-73.40646576664307,0,0.716,[63],J3
164,Angabe,,,Noun Chunk,4,1,0.0003992015968063872,1.12e-05,0,6.862829888771146,-73.41229898357368,0,0.438,[51],K26
165,externe Werkzeuge,,,Noun Chunk,313,1,0.0003992015968063872,4.3e-06,0,6.862829888771146,-73.4461689134975,0,0.579,[96],K10
166,Informationen über Aktionen,,,Noun Chunk,62,1,0.0003992015968063872,2.4e-05,0,6.862829888771146,-73.35093101587724,0,0.366,[83],K11
167,Matrizen,,,Noun Chunk,71,1,0.0003992015968063872,7.08e-07,0,6.862829888771146,-73.46402272316793,0,0.684,[47],K4
168,zugehöriges Artefakt,,,Noun Chunk,414,1,0.0003992015968063872,1.04e-07,0,6.862829888771146,-73.46703843869183,0,0.396,[14],K15
169,anderen Sicherungsprojekten,,,Noun Chunk,217,1,0.0003992015968063872,0.0,0,6.862829888771146,-73.41814905592918,0,0.343,[60],J3
170,Nachweis-Charakterisierungmodell zur Spezifikation,,,Noun Chunk,88,1,0.0003992015968063872,0.0,0,6.862829888771146,-73.41814905592918,0,N/A,[41],J3
171,Nachweisrückverfolgbarkeitslinks des Projekts,,,Noun Chunk,120,1,0.0003992015968063872,0.0,0,6.862829888771146,-73.41814905592918,0,0.153,[74],J3
172,Genehmigung,,,Noun Chunk,53,1,0.0003992015968063872,1.78e-05,0,6.862829888771146,-73.38042280402736,0,0.676,[82],K23
173,Naschweis-Items eines Sicherungsprojekts,,,Noun Chunk,125,1,0.0003992015968063872,0.0,0,6.862829888771146,-73.41814905592918,0,N/A,[63],J3
174,Einfärbung des Nachweisrückverfolgbarkeitslinks,,,Noun Chunk,46,1,0.0003992015968063872,0.0,0,6.862829888771146,-73.41814905592918,0,0.353,[110],K19
175,Sicherungsprojekts ein Nachweis-Charakterisierungsmodell,,,Noun Chunk,172,1,0.0003992015968063872,0.0,0,6.862829888771146,-73.41814905592918,0,N/A,[27],H1
176,Arten,,,Noun Chunk,11,1,0.0003992015968063872,6.17e-05,0,6.862829888771146,-73.18036925855014,0,0.376,[13],K2
177,mögliche Nachweis-Items,,,Noun Chunk,366,1,0.0003992015968063872,2.52e-06,0,6.862829888771146,-73.45499771533488,0,N/A,[41],J3
178,fähg,,,Noun Chunk,319,1,0.0003992015968063872,0.0,0,6.862829888771146,-73.41814905592918,0,0.425,[95],L0
179,Bewertungskriterien von Nachweis-Items,,,Noun Chunk,31,1,0.0003992015968063872,2.66e-07,0,6.862829888771146,-73.46622936782157,0,N/A,[60],H1
180,OPENCOSS-Plattform alle Beweisinformationen,,,Noun Chunk,134,1,0.0003992015968063872,0.0,0,6.862829888771146,-73.41814905592918,0,N/A,[13],I1
181,Nachweis-Item das Ziel,,,Noun Chunk,93,1,0.0003992015968063872,2.84e-06,0,6.862829888771146,-73.45340777485485,0,N/A,[37],J3
182,Nachweis-Charakterisieungsmodell,,,Noun Chunk,91,1,0.0003992015968063872,0.0,0,6.862829888771146,-73.41814905592918,0,N/A,[39],J3
183,Merkmale der Nachweis-Items,,,Noun Chunk,76,1,0.0003992015968063872,2.4e-06,0,6.862829888771146,-73.45559424990758,0,N/A,[4],I1
184,Sicherungsprojekts mit Aktionen,,,Noun Chunk,175,1,0.0003992015968063872,0.0,0,6.862829888771146,-73.41814905592918,0,0.351,[68],I1
185,OPENCOSS-Plattform eine Bestätigung,,,Noun Chunk,141,1,0.0003992015968063872,0.0,0,6.862829888771146,-73.41814905592918,0,N/A,[43],J3
186,Abhängigkeit der Bewertung,,,Noun Chunk,0,1,0.0003992015968063872,8.45e-06,0,6.862829888771146,-73.42573045791677,0,0.233,[57],K19
187,anderer Nachweis-Items,,,Noun Chunk,220,1,0.0003992015968063872,2.63e-06,0,6.862829888771146,-73.45445103882086,0,N/A,[88],J3
188,Beweisinformationen,,,Noun Chunk,22,1,0.0003992015968063872,0.0,0,6.862829888771146,-73.41814905592918,0,0.753,[13],K11
189,Nachweisbelege,,,Noun Chunk,112,1,0.0003992015968063872,0.0,0,6.862829888771146,-73.41814905592918,0,0.719,[32],L0
190,Menge,,,Noun Chunk,73,1,0.0003992015968063872,0.000112,0,6.862829888771146,-72.97330183801634,0,0.853,[22],L0
191,Visualisierung der Rückverfolgbarkeit,,,Noun Chunk,193,1,0.0003992015968063872,1.07e-07,0,6.862829888771146,-73.46702345607096,0,0.211,[52],K19
192,auszuführende Aktionen,,,Noun Chunk,250,1,0.0003992015968063872,1.04e-07,0,6.862829888771146,-73.46703843869183,0,0.259,[66],K18
193,Tabelle zur Visualisierung,,,Noun Chunk,183,1,0.0003992015968063872,1.58e-06,0,6.862829888771146,-73.45967499871779,0,0.211,[52],K1
194,Quelle eines Nachweisrückverfolgbarkeitslinks,,,Noun Chunk,150,1,0.0003992015968063872,0.0,0,6.862829888771146,-73.41814905592918,0,0.325,[37],K19
195,dessen Nachweis-Charakterisierungsmodell,,,Noun Chunk,282,1,0.0003992015968063872,0.0,0,6.862829888771146,-73.41814905592918,0,N/A,[18],I1
196,Nachweis-Item-Rückverfolgbarkeit eines Sicherungsprojekts,,,Noun Chunk,98,1,0.0003992015968063872,0.0,0,6.862829888771146,-73.41814905592918,0,N/A,[50],H1
197,Quell- und Zielnachweisarten,,,Noun Chunk,148,1,0.0003992015968063872,0.0,0,6.862829888771146,-73.41814905592918,0,N/A,[47],K2
198,noch ausstehenden Aktionen,,,Noun Chunk,369,1,0.0003992015968063872,1.08e-06,0,6.862829888771146,-73.462166968478,0,0.153,[74],K18
199,CCL-Informationen des Artefakts,,,Noun Chunk,34,1,0.0003992015968063872,3.46e-08,0,6.862829888771146,-73.4673850035705,0,N/A,[8],K19
200,Ziel eines Nachweisrückverfolgbarkeitslinks,,,Noun Chunk,199,1,0.0003992015968063872,0.0,0,6.862829888771146,-73.41814905592918,0,0.269,[44],K19
201,Verwendung von Tabellen,,,Noun Chunk,191,1,0.0003992015968063872,6.68e-06,0,6.862829888771146,-73.43442262689936,0,0.163,[54],K16
202,Berichten,,,Noun Chunk,19,1,0.0003992015968063872,3.63e-05,0,6.862829888771146,-73.29367392712183,0,0.359,[32],L0
203,Sicherungsprojekt erforderliche Aktionen,,,Noun Chunk,164,1,0.0003992015968063872,0.0,0,6.862829888771146,-73.41814905592918,0,0.453,[85],H1
204,Benutzer,,,Noun Chunk,17,1,0.0003992015968063872,1.17e-05,0,6.862829888771146,-73.40986643230164,0,0.236,[43],L0
205,Werkzeugen im Projekt,,,Noun Chunk,196,1,0.0003992015968063872,2.05e-06,0,6.862829888771146,-73.45733509262224,0,0.306,[74],K19
206,fähig sein Nachweisrückverfolgbarkeitslinks,,,Noun Chunk,320,1,0.0003992015968063872,0.0,0,6.862829888771146,-73.41814905592918,0,0.245,[46],K19
207,OPENCOSS-Plattform das Artefakt,,,Noun Chunk,135,1,0.0003992015968063872,0.0,0,6.862829888771146,-73.41814905592918,0,N/A,[14],J3
208,Naschweis-Items,,,Noun Chunk,124,1,0.0003992015968063872,0.0,0,6.862829888771146,-73.41814905592918,0,N/A,[63],L0
209,Form eines SAEM-Modells,,,Noun Chunk,50,1,0.0003992015968063872,0.0,0,6.862829888771146,-73.41814905592918,0,N/A,[98],J3
210,anderen Nachweis-Itemsn,,,Noun Chunk,212,1,0.0003992015968063872,0.0,0,6.862829888771146,-73.41814905592918,0,N/A,[14],J3
211,Sicherungsprojekt aus SAEM-Modellen,,,Noun Chunk,162,1,0.0003992015968063872,0.0,0,6.862829888771146,-73.41814905592918,0,N/A,[97],J3
212,Nachweisbelege eines Sicherungsprojekts,,,Noun Chunk,113,1,0.0003992015968063872,0.0,0,6.862829888771146,-73.41814905592918,0,0.359,[32],I1
213,Baumstruktur,,,Noun Chunk,14,1,0.0003992015968063872,1.29e-07,0,6.862829888771146,-73.46691358210549,0,0.349,[28],L0
214,in anderen Projekten definierten Bewertungskriterien,,,Noun Chunk,343,1,0.0003992015968063872,2.68e-07,0,6.862829888771146,-73.4662193797465,0,0.358,[63],H1
215,Artefakten,,,Noun Chunk,9,1,0.0003992015968063872,5.01e-07,0,6.862829888771146,-73.4650559496568,0,0.535,[90],L0
216,Änderungshistorie,,,Noun Chunk,422,1,0.0003992015968063872,0.0,0,6.862829888771146,-73.41814905592918,0,0.448,[64],J3
217,Nachweise,,,Noun Chunk,115,1,0.0003992015968063872,2.57e-06,0,6.862829888771146,-73.45474920857663,0,0.431,[97],K19
218,für ein Sicherungsprojekt zu liefernden Nachweis-Items,,,Noun Chunk,324,1,0.0003992015968063872,0.0,0,6.862829888771146,-73.41814905592918,0,N/A,[2],H1
219,Zwischenknoten der Baumansicht,,,Noun Chunk,201,1,0.0003992015968063872,0.0,0,6.862829888771146,-73.41814905592918,0,0.122,[29],J3
220,Nachweis-Repository eines Sicherungsprojekts,,,Noun Chunk,106,1,0.0003992015968063872,0.0,0,6.862829888771146,-73.41814905592918,0,N/A,[18],I1
221,CCL-Informationen,,,Noun Chunk,33,1,0.0003992015968063872,6.76e-08,0,6.862829888771146,-73.46722022122933,0,N/A,[8],K11
222,als Ergebnis der Nachweisbewertung erhaltenen Informationen,,,Noun Chunk,209,1,0.0003992015968063872,0.0,0,6.862829888771146,-73.41814905592918,0,0.259,[66],H1
223,von der Änderung betroffenen Sicherungsprojekts,,,Noun Chunk,401,1,0.0003992015968063872,0.0,0,6.862829888771146,-73.41814905592918,0,0.4,[76],I1
224,Nachweis eines Sicherungsprojekts,,,Noun Chunk,86,1,0.0003992015968063872,0.0,0,6.862829888771146,-73.41814905592918,0,0.296,[98],J3
225,Baumansicht zur Anzeige,,,Noun Chunk,13,1,0.0003992015968063872,0.0,0,6.862829888771146,-73.41814905592918,0,0.276,[27],K5
226,Bewertung eines Nachweis-Items,,,Noun Chunk,27,1,0.0003992015968063872,2.42e-06,0,6.862829888771146,-73.45549481588878,0,N/A,[56],I1
227,Zeit,,,Noun Chunk,197,1,0.0003992015968063872,0.00102,0,6.862829888771146,-70.93145614477736,0,0.354,[17],L0
228,Sicherungsprojekts ein Nachweis-Charakterisieungsmodell,,,Noun Chunk,173,1,0.0003992015968063872,0.0,0,6.862829888771146,-73.41814905592918,0,N/A,[39],H1
229,Informationen der Nachweis-Items,,,Noun Chunk,60,1,0.0003992015968063872,2.64e-06,0,6.862829888771146,-73.45440134793274,0,N/A,[15],J3
230,Änderungsbestätigung,,,Noun Chunk,421,1,0.0003992015968063872,0.0,0,6.862829888771146,-73.41814905592918,0,0.676,[77],J3
231,für ein Sicherungsprojekt vorzulegenden Nachweis-Items,,,Noun Chunk,323,1,0.0003992015968063872,0.0,0,6.862829888771146,-73.41814905592918,0,N/A,[1],H1
232,in einem anderen Projekt definierten Link-Typen,,,Noun Chunk,345,1,0.0003992015968063872,3.15e-06,0,6.862829888771146,-73.45186866027225,0,N/A,[36],J3
233,im Sicherungsprojekt benötigten Aktionen,,,Noun Chunk,338,1,0.0003992015968063872,0.0,0,6.862829888771146,-73.41814905592918,0,0.477,[84],I1
234,Formaten PDF,,,Noun Chunk,52,1,0.0003992015968063872,2.7e-06,0,6.862829888771146,-73.45410322705166,0,0.365,[31],L0
235,Hilfe von Rückverfolgbarkeitsmatrizen,,,Noun Chunk,57,1,0.0003992015968063872,0.0,0,6.862829888771146,-73.41814905592918,0,0.245,[46],J2
236,Projekts ein Nachweisrückverfolgbarkeitslink,,,Noun Chunk,146,1,0.0003992015968063872,0.0,0,6.862829888771146,-73.41814905592918,0,0.271,[39],J3
237,Lage,,,Noun Chunk,67,1,0.0003992015968063872,0.00017,0,6.862829888771146,-72.75843081566123,0,0.296,[98],L0
238,Link-Typen,,,Noun Chunk,68,1,0.0003992015968063872,2.28e-05,0,6.862829888771146,-73.35660545996011,0,N/A,[35],J6
239,Merkmalsspezifikationen des Nachweis-Items,,,Noun Chunk,79,1,0.0003992015968063872,0.0,0,6.862829888771146,-73.41814905592918,0,N/A,[19],I1
240,SAEM-Modellen,,,Noun Chunk,156,1,0.0003992015968063872,0.0,0,6.862829888771146,-73.41814905592918,0,N/A,[97],J5
241,Nachweis-Charakterisierungsmodell des Projekts,,,Noun Chunk,90,1,0.0003992015968063872,0.0,0,6.862829888771146,-73.41814905592918,0,N/A,[73],H1
242,Datum der Aktionen,,,Noun Chunk,39,1,0.0003992015968063872,1.51e-05,0,6.862829888771146,-73.39340226409121,0,0.354,[17],K19
243,Informationen der Nachweisrückverfolgbarkeitslinks,,,Noun Chunk,61,1,0.0003992015968063872,0.0,0,6.862829888771146,-73.41814905592918,0,0.405,[34],K19
244,Genehmigung der Änderung,,,Noun Chunk,54,1,0.0003992015968063872,1.2e-05,0,6.862829888771146,-73.40840830398082,0,0.338,[82],K19
245,den Nachweisrückverfolgbarkeitslink,,,Noun Chunk,281,1,0.0003992015968063872,0.0,0,6.862829888771146,-73.41814905592918,0,0.269,[44],K19
246,Knoten,,,Noun Chunk,63,1,0.0003992015968063872,1.23e-05,0,6.862829888771146,-73.40695122606373,0,0.244,[29],K5
247,Link-Typen der Nachweisrückverfolgbarkeitslinks,,,Noun Chunk,69,1,0.0003992015968063872,0.0,0,6.862829888771146,-73.41814905592918,0,N/A,[36],J3
248,vorhandenes Nachweis-Charakterisierungsmodell,,,Noun Chunk,405,1,0.0003992015968063872,0.0,0,6.862829888771146,-73.41814905592918,0,N/A,[3],I1
249,verknüpfen,,,ADJ,390,1,0.0003992015968063872,2.69e-06,0,6.862829888771146,-73.45415291095364,0,1.0,[5],N/A
250,anmessen,,,VERB,228,1,0.0003992015968063872,0.0,0,6.862829888771146,-73.41814905592918,0,0.241,[74],N/A
251,jed,,,X,351,1,0.0003992015968063872,8.51e-07,0,6.862829888771146,-73.46330918786106,0,0.328,[52],N/A
252,zuvor,,,ADV,415,1,0.0003992015968063872,9.12e-05,0,6.862829888771146,-73.05634752902883,0,0.485,[16],N/A
253,innerhalb,,,ADP,350,1,0.0003992015968063872,0.000162,0,6.862829888771146,-72.78673153838861,0,0.328,[52],N/A
254,anderen Pojekten,,,Noun Chunk,213,1,0.0003992015968063872,0.0,0,6.862829888771146,-73.41814905592918,0,0.524,[6],K16
255,benötigen,,,ADJ,259,1,0.0003992015968063872,1.55e-05,0,6.862829888771146,-73.39147410060558,0,0.055,[2],N/A
256,gelb,,,ADJ,327,1,0.0003992015968063872,2.88e-05,0,6.862829888771146,-73.32839212620041,0,0.055,[2],N/A
257,generieren,,,VERB,331,1,0.0003992015968063872,4.57e-06,0,6.862829888771146,-73.4448329759604,0,1.0,[30],N/A
258,darstellen,,,VERB,276,1,0.0003992015968063872,2.57e-05,0,6.862829888771146,-73.34291954367339,0,0.707,[49],N/A
259,modifizieren,,,VERB,362,1,0.0003992015968063872,1.29e-06,0,6.862829888771146,-73.46112000776856,0,1.0,[24],N/A
260,soll,,,VERB,376,1,0.0003992015968063872,0.000794,0,6.862829888771146,-71.2783398379074,0,0.612,[52],N/A
261,entstehend und durchzuführenden,,,VERB,304,1,0.0003992015968063872,2.97e-08,0,6.862829888771146,-73.46740946804282,0,0.532,[82],N/A
262,beziehen,,,VERB,272,1,0.0003992015968063872,2.51e-05,0,6.862829888771146,-73.34574347664602,0,0.819,[13],N/A
263,vorhalten,,,VERB,404,1,0.0003992015968063872,1.26e-06,0,6.862829888771146,-73.46126954434614,0,0.612,[52],N/A
264,durchzuführenden,,,VERB,288,1,0.0003992015968063872,1.35e-07,0,6.862829888771146,-73.46688361617113,0,0.533,[83],N/A
265,entstehend,,,VERB,302,1,0.0003992015968063872,3.8e-08,0,6.862829888771146,-73.46736802756989,0,0.533,[83],N/A
266,auszeichnen,,,VERB,249,1,0.0003992015968063872,2.45e-06,0,6.862829888771146,-73.45534567354835,0,1.0,[19],N/A
267,kopieren,,,VERB,354,1,0.0003992015968063872,6.76e-06,0,6.862829888771146,-73.43402896022886,0,0.81,[16],N/A
268,synchronisiert,,,VERB,383,1,0.0003992015968063872,2.29e-06,0,6.862829888771146,-73.45614121972415,0,0.566,[74],N/A
269,hören,,,VERB,334,1,0.0003992015968063872,0.000123,0,6.862829888771146,-72.93073795903747,0,0.707,[49],N/A
270,entfernen,,,VERB,294,1,0.0003992015968063872,2e-05,0,6.862829888771146,-73.3699084287219,0,0.819,[44],N/A
271,informieren,,,VERB,349,1,0.0003992015968063872,3.39e-05,0,6.862829888771146,-73.30471854028038,0,0.8,[57],N/A
272,OPENCOSS,,,Noun Chunk,132,1,0.0003992015968063872,0.0,0,6.862829888771146,-73.41814905592918,0,0.098,[97],L0
273,Nachweisbeleg des Sicherungsprojekts,,,Noun Chunk,110,1,0.0003992015968063872,0.0,0,6.862829888771146,-73.41814905592918,0,0.333,[73],I1
274,externen Werkzeugen,,,Noun Chunk,316,1,0.0003992015968063872,1.6e-06,0,6.862829888771146,-73.45957537739764,0,0.306,[74],K10
275,Nutzer einen Nachweisrückverfolgbarkeitslink,,,Noun Chunk,131,1,0.0003992015968063872,0.0,0,6.862829888771146,-73.41814905592918,0,0.236,[43],K19
276,Darstellung der Nachweisrückverfolgbarkeitslinks,,,Noun Chunk,37,1,0.0003992015968063872,0.0,0,6.862829888771146,-73.41814905592918,0,0.171,[47],K19
277,als Ergebnis der Nachweisbewertung erhaltenen Nachweis-Items,,,Noun Chunk,210,1,0.0003992015968063872,0.0,0,6.862829888771146,-73.41814905592918,0,N/A,[67],H1
278,von der Änderung betroffenen Nachweis-Items,,,Noun Chunk,400,1,0.0003992015968063872,2.32e-06,0,6.862829888771146,-73.4559920322678,0,N/A,[75],J3
279,Nachweisrückverfolgbarkeitslinks in Rückverfolgbarkeitstabellen,,,Noun Chunk,123,1,0.0003992015968063872,0.0,0,6.862829888771146,-73.41814905592918,0,0.372,[53],J2
280,Sicherungsprojekts per E-Mail,,,Noun Chunk,177,1,0.0003992015968063872,0.0,0,6.862829888771146,-73.41814905592918,0,N/A,[66],J3
281,Merkmalsspezifikatoin,,,Noun Chunk,80,1,0.0003992015968063872,0.0,0,6.862829888771146,-73.41814905592918,0,0.62,[20],K14
282,Aktionen im Projekt,,,Noun Chunk,3,1,0.0003992015968063872,2.38e-05,0,6.862829888771146,-73.35187564497218,0,0.153,[74],K19
283,Form von HTML-Dateien,,,Noun Chunk,51,1,0.0003992015968063872,5.29e-06,0,6.862829888771146,-73.44127469697919,0,N/A,[30],J4
284,Rückverfolgbarkeit von Nachweisen,,,Noun Chunk,153,1,0.0003992015968063872,1.14e-07,0,6.862829888771146,-73.46698849641521,0,0.163,[54],K19
285,anderen Sicherungsprojekt,,,Noun Chunk,216,1,0.0003992015968063872,0.0,0,6.862829888771146,-73.41814905592918,0,0.558,[16],J3
286,aus externen Werkzeug importierten Nachweis-Item,,,Noun Chunk,244,1,0.0003992015968063872,6.72e-07,0,6.862829888771146,-73.46420238606406,0,N/A,[92],I1
287,Tabellen zur Darstellung,,,Noun Chunk,185,1,0.0003992015968063872,6.5e-06,0,6.862829888771146,-73.43530865422609,0,0.231,[50],K1
288,Merkmalsspezifikation,,,Noun Chunk,77,1,0.0003992015968063872,0.0,0,6.862829888771146,-73.41814905592918,0,0.62,[21],K14
289,Modell Nachweisrückverfolgbarkeitslinks,,,Noun Chunk,82,1,0.0003992015968063872,0.0,0,6.862829888771146,-73.41814905592918,0,0.286,[41],K19
290,Projekts mit Nachweisarten,,,Noun Chunk,147,1,0.0003992015968063872,0.0,0,6.862829888771146,-73.41814905592918,0,0.122,[29],K19
291,nachfolgenden damit verbundenen Aktionen,,,Noun Chunk,368,1,0.0003992015968063872,4.62e-06,0,6.862829888771146,-73.44458567481615,0,0.318,[12],K18
292,Verfolgung,,,Noun Chunk,187,1,0.0003992015968063872,1.74e-05,0,6.862829888771146,-73.3823404205647,0,0.673,[64],L0
293,Sicherungsprojekts die Quelle,,,Noun Chunk,170,1,0.0003992015968063872,0.0,0,6.862829888771146,-73.41814905592918,0,0.269,[44],J3
294,mögliche Abhängigkeit,,,Noun Chunk,365,1,0.0003992015968063872,9.68e-06,0,6.862829888771146,-73.41971193093214,0,0.233,[57],K21
295,Sicherung,,,Noun Chunk,158,1,0.0003992015968063872,1.32e-05,0,6.862829888771146,-73.40258628279987,0,0.49,[54],K19
296,Nachweis-Repository,,,Noun Chunk,105,1,0.0003992015968063872,4.8e-07,0,6.862829888771146,-73.46516079114639,0,N/A,[18],K19
297,Spezifikation,,,Noun Chunk,179,1,0.0003992015968063872,1.82e-06,0,6.862829888771146,-73.4584798399978,0,0.571,[41],K14
298,Beweisketten,,,Noun Chunk,23,1,0.0003992015968063872,0.0,0,6.862829888771146,-73.41814905592918,0,0.639,[49],L0
299,Matrizen zur Darstellung,,,Noun Chunk,72,1,0.0003992015968063872,6.97e-07,0,6.862829888771146,-73.4640776188402,0,0.171,[47],K1
300,Merkmalsspezifikationen,,,Noun Chunk,78,1,0.0003992015968063872,0.0,0,6.862829888771146,-73.41814905592918,0,0.809,[19],K14
301,Knoten der Baumansicht,,,Noun Chunk,64,1,0.0003992015968063872,0.0,0,6.862829888771146,-73.41814905592918,0,0.122,[29],J3
302,Nachweis,,,Noun Chunk,85,1,0.0003992015968063872,1.12e-05,0,6.862829888771146,-73.41229898357368,0,0.298,[98],K19
303,Nachweis-Item die Quelle,,,Noun Chunk,95,1,0.0003992015968063872,2.78e-06,0,6.862829888771146,-73.45370579779755,0,N/A,[38],J3
304,Zwischenknoten mit Nachweis-Items,,,Noun Chunk,202,1,0.0003992015968063872,0.0,0,6.862829888771146,-73.41814905592918,0,N/A,[26],J3
305,Sicherungsprojekt ein Nachweis-Charakterisierungmodell,,,Noun Chunk,163,1,0.0003992015968063872,0.0,0,6.862829888771146,-73.41814905592918,0,N/A,[41],H1
306,Definition,,,Noun Chunk,40,1,0.0003992015968063872,2.82e-05,0,6.862829888771146,-73.33119569618002,0,0.244,[29],K7
307,Begründung,,,Noun Chunk,15,1,0.0003992015968063872,2.63e-05,0,6.862829888771146,-73.34009957397888,0,0.424,[56],L0
308,Tabellen zur Sicherung,,,Noun Chunk,186,1,0.0003992015968063872,4.8e-06,0,6.862829888771146,-73.44369563584328,0,0.163,[54],K19
309,für das Projekt gewählten Nachweis-Charakterisierungsmodell,,,Noun Chunk,322,1,0.0003992015968063872,0.0,0,6.862829888771146,-73.41814905592918,0,N/A,[40],I1
310,Nachweisen,,,Noun Chunk,116,1,0.0003992015968063872,1.05e-05,0,6.862829888771146,-73.41570947278386,0,0.326,[54],K19
311,Verfolgung der Änderungshistorie,,,Noun Chunk,188,1,0.0003992015968063872,0.0,0,6.862829888771146,-73.41814905592918,0,0.224,[64],J3
312,Einfärbung des Nachweisrückverfolgbarkeitslink,,,Noun Chunk,45,1,0.0003992015968063872,0.0,0,6.862829888771146,-73.41814905592918,0,0.344,[109],K19
313,im Sicherungsprojekt aufgrund der Änderung eines Nachweis-Items erforderliche Aktion,,,Noun Chunk,337,1,0.0003992015968063872,0.0,0,6.862829888771146,-73.41814905592918,0,N/A,[86],H1
314,Verwendung von Matrizen,,,Noun Chunk,190,1,0.0003992015968063872,6.99e-07,0,6.862829888771146,-73.4640676377219,0,0.171,[47],K16
315,Rückverfolgbarkeitstabellen,,,Noun Chunk,155,1,0.0003992015968063872,0.0,0,6.862829888771146,-73.41814905592918,0,0.744,[53],J1
316,RTF,,,Noun Chunk,151,1,0.0003992015968063872,2.04e-07,0,6.862829888771146,-73.46653900684589,0,0.365,[31],L0
317,Bewertung des Nachweis-Items,,,Noun Chunk,26,1,0.0003992015968063872,2.43e-06,0,6.862829888771146,-73.45544510061666,0,N/A,[57],I1
318,Menge der Nachweis-Items,,,Noun Chunk,74,1,0.0003992015968063872,2.63e-06,0,6.862829888771146,-73.45445103882086,0,N/A,[22],J3
319,Sicherungsprojekts bei Verfolgung,,,Noun Chunk,169,1,0.0003992015968063872,0.0,0,6.862829888771146,-73.41814905592918,0,0.224,[64],J3
320,Nachweisrückverfolgbarkeitslinks in Rückverfolgbarkeitsmatrizen,,,Noun Chunk,122,1,0.0003992015968063872,0.0,0,6.862829888771146,-73.41814905592918,0,0.389,[48],J2
321,anfordern,,,VERB,223,1,0.0003992015968063872,2.57e-06,0,6.862829888771146,-73.45474920857663,0,0.654,[12],N/A
322,mögliche Änderung,,,Noun Chunk,367,1,0.0003992015968063872,1.9e-05,0,6.862829888771146,-73.37468088446407,0,0.435,[78],K11
323,Dokumenten,,,Noun Chunk,42,1,0.0003992015968063872,9.55e-06,0,6.862829888771146,-73.42034719298533,0,0.365,[31],L0
324,Bestätigung der Aktion,,,Noun Chunk,21,1,0.0003992015968063872,1.21e-05,0,6.862829888771146,-73.40792249468856,0,0.236,[43],K19
325,Spalte,,,Noun Chunk,178,1,0.0003992015968063872,7.59e-06,0,6.862829888771146,-73.4299491417326,0,0.211,[52],L0
326,im Sicherungsprojekt als Ergebnis der Nachweisbewertung erforderliche Aktion,,,Noun Chunk,336,1,0.0003992015968063872,0.0,0,6.862829888771146,-73.41814905592918,0,0.212,[71],H1
327,Sicherungsprojekts mit Hilfe,,,Noun Chunk,176,1,0.0003992015968063872,0.0,0,6.862829888771146,-73.41814905592918,0,0.245,[46],J3
328,diejenigen Nachweis-Items,,,Noun Chunk,283,1,0.0003992015968063872,2.52e-06,0,6.862829888771146,-73.45499771533488,0,N/A,[80],J3
329,Modellen,,,Noun Chunk,83,1,0.0003992015968063872,7.41e-06,0,6.862829888771146,-73.43083322900847,0,0.69,[49],K8
